Location,Signal
0,101.29753914988814
1,5.369127516778516
2,116.68903803131994
3,13.243847874720352
4,108.45637583892616
5,113.46756152125279
6,109.88814317673379
7,108.81431767337807
8,116.68903803131994
9,95.21252796420583
10,3.9373601789709314
11,20.760626398210285
12,73.37807606263983
13,105.23489932885907
14,113.46756152125279
15,18.612975391498892
16,7.874720357941836
17,75.88366890380313
18,112.39373601789708
19,118.83668903803132
20,108.81431767337807
