Location,Normalized Signal
1,0.045180722891566195
2,0.9819277108433737
3,0.11144578313253006
4,0.9126506024096385
5,0.9548192771084337
6,0.9246987951807231
7,0.9156626506024097
8,0.9819277108433737
9,0.8012048192771085
10,0.03313253012048205
11,0.17469879518072284
12,0.6174698795180724
13,0.885542168674699
14,0.9548192771084337
15,0.15662650602409645
16,0.06626506024096386
17,0.6385542168674698
18,0.9457831325301204
19,1.0
20,0.9156626506024097
